id,state,number,sub_unit,work_unit,dev_name,start_time,end_time,voltage_level
1,调度值班执行停电工作票,ZJN-20250320-010,国网浙江杭州供电公司,万松变,"堰松4Q12线,220kV第二套母差保护",2025-04-09 07:00:00,2025-04-09 12:00:00,220kV
2,调度值班执行停电工作票,ZJN-20250326-027,国网浙江杭州供电公司,涌潮变电所,凰涌4417线,2025-04-09 07:00:00,2025-04-11 18:00:00,220kV
3,调度值班执行停电工作票,ZJN-20250320-009,国网浙江杭州供电公司,万松变,"堰松4Q12线,220kV第一套母差保护",2025-04-08 07:00:00,2025-04-08 12:00:00,220kV
4,调度值班执行停电工作票,ZJN-20250325-030,国网浙江温州供电公司,瑞仙变,"220kV第二套母差保护,#2主变",2025-04-07 09:30:00,2025-04-07 18:00:00,220kV
5,调度值班执行停电工作票,ZJN-20250324-058,浙江信息通信分公司,浙江信息通信分公司,"惠明变天明4474线第二套线路保护,惠明变天惠4473线第二套线路保护",2025-04-03 19:00:00,2025-04-03 20:00:00,220kV
6,调度值班执行停电工作票,ZJN-20250324-057,浙江信息通信分公司,浙江信息通信分公司,"洪塘变姚洪4U35线第二套线路保护,洪塘变姚塘4U36线第二套线路保护,洪塘变梅洪2P50线第二套线路保护",2025-04-03 18:00:00,2025-04-03 19:00:00,220kV
7,调度值班执行停电工作票,ZJN-20250325-029,国网浙江温州供电公司,瑞仙变,"220kV第一套母差保护,#2主变",2025-04-03 09:30:00,2025-04-03 18:00:00,220kV
8,调度值班执行停电工作票,ZJN-20250324-050,国网浙江宁波供电公司,鲍家变,鲍家变鲍潘23H2第一套线路保护,2025-04-03 09:00:00,2025-04-03 18:00:00,220kV
9,调度值班执行停电工作票,ZJN-20250327-003,国网浙江宁波供电公司,殿跟变,220kV开关储能电源,2025-04-03 09:00:00,2025-04-03 16:00:00,220kV
10,调度值班执行停电工作票,ZJN-20250326-020,六横厂,六横厂,2号主变,2025-04-03 08:00:00,2025-04-15 20:00:00,500kV
11,调度值班执行停电工作票,ZJN-20250328-019,国网浙江舟山供电公司,昌洲变,"待用2CZⅠ开关,云洲2R40开关,#2主变",2025-04-03 08:00:00,2025-04-03 17:00:00,220kV
12,调度值班执行停电工作票,ZJN-20250327-008,台州厂,台州厂,"220kV联络一线II段开关,220kV联络一线I段开关,220kV联络一线",2025-04-03 07:00:00,2025-04-03 20:00:00,220kV
13,调度值班执行停电工作票,ZJN-20250321-016,乌厂站,乌厂站,乌光614,2025-04-02 18:00:00,2025-04-06 22:00:00,500kV
14,调度值班执行停电工作票,ZJN-20250330-002,莲塘光伏站,莲塘光伏站,莲塘光伏站#1等值机,2025-04-02 17:30:00,2025-04-17 18:00:00,110kV
15,调度值班执行停电工作票,ZJN-20250330-003,莲塘光伏站,莲塘光伏站,"#2储能单元#1PCS,#3储能单元#1PCS,#1储能单元#1PCS",2025-04-02 17:30:00,2025-05-02 18:00:00,110kV
16,调度值班执行停电工作票,ZJN-20250317-021,祥晖站,祥晖站,"#1机组,#2机组,#3机组,#4机组,#5机组,#6机组,#7机组,#8机组,#9机组,#10机组",2025-04-02 17:00:00,2025-04-03 05:00:00,110kV
17,调度值班执行停电工作票,ZJN-20250328-008,龙河光伏站,龙河光伏站,"龙河3503开关,龙河3501开关",2025-04-02 16:30:00,2025-04-10 22:00:00,110kV
18,调度值班执行停电工作票,ZJN-20250324-026,国网浙江宁波供电公司,水云变,"章水4R46线,220kV第二套母差保护装置",2025-04-02 09:00:00,2025-04-02 18:00:00,220kV
19,调度值班执行停电工作票,ZJN-20250324-027,国网浙江宁波供电公司,句章变电所,"章水4R46线,句章变220kVII段母线第二套母差保护",2025-04-02 09:00:00,2025-04-02 18:00:00,220kV
20,调度值班执行停电工作票,ZJN-20250324-049,国网浙江宁波供电公司,河姆变电所,"河翠4P69线,河姆变220kV正副母I段第二套母差保护,河姆变220kV正副母I段第二套母差保护,河翠4P69线",2025-04-02 09:00:00,2025-04-02 18:00:00,220kV
21,调度值班执行停电工作票,ZJN-20250325-028,国网浙江温州供电公司,永强变,"待用2YQII开关,待用2YQIII开关",2025-04-02 09:00:00,2025-04-03 18:00:00,220kV
22,调度值班执行停电工作票,ZJN-20250325-034,国网浙江台州供电公司,三牵变,渚铁2Q43线,2025-04-02 09:00:00,2025-04-03 17:00:00,220kV
23,调度值班执行停电工作票,ZJN-20250325-036,国网浙江台州供电公司,剑山变,"剑山变潭山44B2线第二套线路保护,剑山变潭剑44B1线第二套线路保护",2025-04-02 09:00:00,2025-04-02 17:00:00,220kV
24,调度值班执行停电工作票,ZJN-20250326-007,国网浙江台州供电公司,长潭变电所,"长潭变潭山44B2线第二套线路保护,长潭变潭剑44B1线第二套线路保护",2025-04-02 09:00:00,2025-04-02 17:00:00,220kV
25,调度值班执行停电工作票,ZJN-20250326-024,国网浙江湖州供电公司,扬子变,"扬子变220kV第二套母差保护,扬子变#2主变第二套保护",2025-04-02 09:00:00,2025-04-02 17:00:00,220kV
26,调度值班执行停电工作票,ZJN-20250326-025,国网浙江湖州供电公司,扬子变,"扬子变扬傅23T8线第二套线路保护,扬子变扬太23T7线第二套线路保护,扬子变220kV第二套母差保护",2025-04-02 09:00:00,2025-04-02 17:00:00,220kV
27,调度值班执行停电工作票,ZJN-20250328-003,国网浙江舟山供电公司,蓬莱变,"220kV第二套母差保护,长蓬24X5开关,#3主变220kV开关",2025-04-02 09:00:00,2025-04-02 17:00:00,220kV
28,调度值班执行停电工作票,ZJN-20250325-022,国网浙江衢州供电公司,崇文变,220kV线路故障录波装置,2025-04-02 08:30:00,2025-04-02 18:00:00,220kV
29,调度值班执行停电工作票,ZJN-20250326-026,国网浙江杭州供电公司,戴村变,戴村变戴南23B2线第一套线路保护,2025-04-02 08:30:00,2025-04-02 20:30:00,220kV
30,调度值班执行停电工作票,ZJN-20250328-004,润海风电场,润海风电场,润海风电场H01机,2025-04-02 08:00:00,2025-04-03 18:00:00,220kV
31,调度值班执行停电工作票,ZJN-20250331-004,北仑厂,北仑厂,2号机组,2025-04-02 08:00:00,2025-04-02 16:00:00,500kV
32,调度值班执行停电工作票,ZJN-20250324-032,国网浙江宁波供电公司,天一变电所,"一明线5011开关,天一变500kV Ⅰ段母线第二套母差保护",2025-04-02 08:00:00,2025-04-02 21:00:00,500kV
33,调度值班执行停电工作票,ZJN-20250331-006,国网浙江嘉兴供电公司,翔云变电所,4号主变3号电容器,2025-04-02 07:00:00,2025-04-02 21:00:00,35kV
34,调度值班执行停电工作票,ZJN-20250325-038,祥晖站,祥晖站,#9机组,2025-04-01 18:00:00,2025-04-02 05:00:00,110kV
35,调度值班执行停电工作票,ZJN-20250331-005,万投站,万投站,"万投3502,万投3503,万投3504,万投3505,万投3501",2025-04-01 18:00:00,2025-04-02 05:00:00,110kV
36,调度值班执行停电工作票,ZJN-20250317-013,祥晖站,祥晖站,#2机组,2025-04-01 17:00:00,2025-04-02 05:00:00,110kV
37,调度值班执行停电工作票,ZJN-20250328-017,嘉兴二厂,嘉兴二厂,4号机组,2025-04-01 16:00:00,2025-04-01 22:00:00,500kV
38,调度值班执行停电工作票,ZJN-20250324-047,国网浙江宁波供电公司,翠屏变,"河翠4P69线,翠屏变220kV第二套母差保护",2025-04-01 12:00:00,2025-04-01 18:00:00,220kV
39,调度值班执行停电工作票,ZJN-20250326-017,国网浙江嘉兴供电公司,梧桐变,220kV正母压变,2025-04-01 09:30:00,2025-04-02 17:00:00,220kV
40,调度值班执行停电工作票,ZJN-20250328-034,嘉兴厂,嘉兴厂,#3机组,2025-04-01 09:00:00,2025-04-02 23:30:00,220kV
41,调度值班执行停电工作票,ZJN-20250326-022,国网浙江湖州供电公司,扬子变,"扬子变西扬4U13线第二套线路保护,扬子变西子4U12线第二套线路保护,扬子变220kV第二套母差保护",2025-04-01 09:00:00,2025-04-01 17:00:00,220kV
42,调度值班执行停电工作票,ZJN-20250326-023,国网浙江湖州供电公司,扬子变,"扬子变220kV第二套母差保护,扬子变#1主变第二套保护",2025-04-01 09:00:00,2025-04-01 17:00:00,220kV
43,调度值班执行停电工作票,ZJN-20250328-002,国网浙江舟山供电公司,蓬莱变,"220kV第一套母差保护,长蓬24X5开关,#3主变220kV开关",2025-04-01 09:00:00,2025-04-01 17:00:00,220kV
44,调度值班执行停电工作票,ZJN-20250325-014,乌沙山,乌沙山,4号主变,2025-04-01 08:30:00,2025-05-25 18:00:00,500kV
45,调度值班执行停电工作票,ZJN-20250327-002,嘉兴二厂,嘉兴二厂,8号机组,2025-04-01 08:30:00,2025-04-03 23:30:00,500kV
46,调度值班执行停电工作票,ZJN-20250324-039,新城厂,新城厂,"#2机组,#1机组",2025-04-01 08:00:00,2025-04-25 23:59:00,220kV
47,调度值班执行停电工作票,ZJN-20250324-041,新城厂,新城厂,"#1主变220kV开关,#1主变",2025-04-01 08:00:00,2025-04-25 23:59:00,220kV
48,调度值班执行停电工作票,ZJN-20250325-007,德能厂,德能厂,"#2机组,#3机组,#4机组,德莫2443线,#1机组",2025-04-01 08:00:00,2025-04-10 22:00:00,220kV
49,调度值班执行停电工作票,ZJN-20250325-010,德能厂,德能厂,"#1主变,#2机组,#1机组",2025-04-01 08:00:00,2025-04-20 22:00:00,220kV
50,调度值班执行停电工作票,ZJN-20250325-011,德能厂,德能厂,"#4机组,#3机组",2025-04-01 08:00:00,2025-06-01 22:00:00,220kV
51,调度值班执行停电工作票,ZJN-20250326-009,岱涂光伏站,岱涂光伏站,岱涂光伏站#1等值机,2025-04-01 08:00:00,2025-04-07 18:00:00,110kV
52,调度值班执行停电工作票,ZJN-20250327-032,台塑厂,台塑厂,#3机组,2025-04-01 08:00:00,2025-04-05 14:00:00,220kV
53,调度值班执行停电工作票,ZJN-20250319-014,国网浙江宁波供电公司,线路,"疏南23M4线,疏江23M3线",2025-04-01 08:00:00,2025-04-01 23:00:00,220kV
54,调度值班执行停电工作票,ZJN-20250319-015,国网浙江宁波供电公司,疏港变,"疏南23M4线,疏江23M3线",2025-04-01 08:00:00,2025-04-01 23:00:00,220kV
55,调度值班执行停电工作票,ZJN-20250319-016,国网浙江宁波供电公司,江南变,"220kV副母Ⅱ段,220kV正母,江南变#1主变,江南变#2主变,疏江23M3线,疏南23M4线,220kV副母Ⅰ段",2025-04-01 08:00:00,2025-04-01 23:00:00,220kV
56,调度值班执行停电工作票,ZJN-20250324-018,国网浙江杭州供电公司,线路,涌祝4421线,2025-04-01 07:00:00,2025-04-01 18:00:00,220kV
57,调度值班执行停电工作票,ZJN-20250324-043,国网浙江宁波供电公司,线路,河翠4P69线,2025-04-01 07:00:00,2025-04-11 18:00:00,220kV
58,调度值班执行停电工作票,ZJN-20250324-044,国网浙江宁波供电公司,翠屏变,河翠4P69线,2025-04-01 07:00:00,2025-04-11 18:00:00,220kV
59,调度值班执行停电工作票,ZJN-20250324-045,国网浙江宁波供电公司,河姆变电所,河翠4P69线,2025-04-01 07:00:00,2025-04-11 18:00:00,220kV
60,调度值班执行停电工作票,ZJN-20250325-009,国网浙江杭州供电公司,荷花变,"光荷43C9线,220kV正母线",2025-04-01 07:00:00,2025-04-01 20:30:00,220kV
61,调度值班执行停电工作票,ZJN-20250325-027,国网浙江温州供电公司,永强变,#1主变220kV开关,2025-04-01 07:00:00,2025-04-01 18:00:00,220kV
62,调度值班执行停电工作票,ZJN-20250326-014,国网浙江嘉兴供电公司,王店变电所,5063开关,2025-04-01 07:00:00,2025-04-01 21:00:00,500kV
63,调度值班执行停电工作票,ZJN-20250326-028,国网浙江杭州供电公司,线路,凰涌4417线,2025-04-01 07:00:00,2025-04-20 18:00:00,220kV
64,调度值班执行停电工作票,ZJN-20250327-001,国网浙江杭州供电公司,凤凰变,凰涌4417线,2025-04-01 07:00:00,2025-04-20 20:00:00,220kV
65,调度值班执行停电工作票,ZJN-20250325-017,国网浙江衢州供电公司,线路,旺衢2Q55线,2025-04-01 06:30:00,2025-04-02 19:00:00,220kV
66,调度值班执行停电工作票,ZJN-20250325-012,老镇海厂,老镇海厂,"#12主变,220kV#1母联开关,220kV#2母联开关,220kV副母Ⅰ段,220kV副母Ⅱ段,220kV副母分段开关,220kV正母Ⅰ段,220kV正母Ⅱ段,220kV正母分段开关,镇川2304线,镇塘23M2线,镇湾23M1线,镇蛟2303线,#11主变",2025-04-01 06:00:00,2025-04-01 08:00:00,220kV
67,调度值班执行停电工作票,ZJN-20250324-005,国网浙江绍兴供电公司,古越变电所,"春越线5042开关,春越线5043开关,春越5886线",2025-04-01 06:00:00,2025-04-21 12:00:00,500kV
68,调度值班执行停电工作票,ZJN-20250324-006,国网浙江绍兴供电公司,线路,春越5886线,2025-04-01 06:00:00,2025-04-21 12:00:00,500kV
69,调度值班执行停电工作票,ZJN-20250324-007,国网浙江绍兴供电公司,春晖变电所,"春越5886线,500kV Ⅱ母线",2025-04-01 06:00:00,2025-04-10 21:00:00,500kV
70,调度值班执行停电工作票,ZJN-20250324-009,国网浙江绍兴供电公司,春晖变电所,春越线5022开关,2025-04-01 06:00:00,2025-05-25 12:00:00,500kV
71,调度值班执行停电工作票,ZJN-20250324-028,国网浙江宁波供电公司,线路,"镇塘23M2线,镇湾23M1线,镇蛟2303线,镇川2304线",2025-04-01 06:00:00,2025-04-01 18:00:00,220kV
72,调度值班执行停电工作票,ZJN-20250324-029,国网浙江宁波供电公司,蛟川变,"镇蛟2303线,镇川2304线",2025-04-01 06:00:00,2025-04-01 18:00:00,220kV
73,调度值班执行停电工作票,ZJN-20250324-030,国网浙江宁波供电公司,湾塘变,"镇湾23M1线,镇塘23M2线",2025-04-01 06:00:00,2025-04-01 18:00:00,220kV
74,调度值班执行停电工作票,ZJN-20250319-044,国网浙江湖州供电公司,塘桥变,"220kV正母线,220kV正母压变,220kV母联开关",2025-03-31 07:30:00,2025-04-02 17:00:00,220kV
75,调度值班执行停电工作票,ZJN-20250319-045,国网浙江湖州供电公司,塘桥变,"220kV正母线,#1主变220kV开关",2025-03-31 07:30:00,2025-04-02 17:00:00,220kV
76,调度值班执行停电工作票,ZJN-20250320-062,国网浙江金华供电公司,汤溪变,"220kV副母线,#2主变220kV开关",2025-03-31 07:00:00,2025-04-02 22:00:00,220kV
77,调度值班执行停电工作票,ZJN-20250320-063,国网浙江金华供电公司,汤溪变,"郊汤24C7线开关,汤家24C8线开关,220kV副母线",2025-03-31 07:00:00,2025-04-02 22:00:00,220kV
78,调度值班执行停电工作票,ZJN-20250305-029,乌溪江,乌溪江,湖站#5机组,2025-03-31 06:00:00,2025-04-08 22:00:00,220kV
79,调度值班执行停电工作票,ZJN-20250325-032,柯城厂,柯城厂,"#4机组,#3机组",2025-03-31 06:00:00,2025-04-02 22:00:00,220kV
80,调度值班执行停电工作票,ZJN-20250324-016,国网浙江杭州供电公司,涌潮变电所,乔涌线5021开关,2025-03-31 06:00:00,2025-04-02 21:00:00,500kV
81,调度值班执行停电工作票,ZJN-20250324-056,国网浙江台州供电公司,童燎变,220kV副母压变,2025-03-31 06:00:00,2025-04-03 23:00:00,220kV
82,调度值班执行停电工作票,ZJN-20250321-029,国网浙江舟山供电公司,蓬莱变,"220kV母联开关,长蓬24X5开关,待用2PLⅡ副母闸刀,220kV副母线",2025-03-30 08:30:00,2025-04-03 17:00:00,220kV
83,调度值班执行停电工作票,ZJN-20250321-030,国网浙江舟山供电公司,蓬莱变,"220kV副母线,#3主变220kV开关",2025-03-30 08:30:00,2025-04-03 17:00:00,220kV
84,调度值班执行停电工作票,ZJN-20250321-013,国网浙江温州供电公司,线路,科瀚24W9线,2025-03-30 07:00:00,2025-04-02 20:00:00,220kV
85,调度值班执行停电工作票,ZJN-20250324-037,北仑厂,北仑厂,"北电线/北电线5062开关,北电线5011开关,北电线5012开关,北电线5061开关,北电5447线",2025-03-30 06:00:00,2025-04-12 22:00:00,500kV
86,调度值班执行停电工作票,ZJN-20250324-001,泰瀚光伏站,泰瀚光伏站,"#11机组开关,#12机组开关,#13机组开关,#14机组开关,#15机组开关,#16机组开关,#17机组开关,#18机组开关,#19机组开关,#1储能开关,#1机组开关,#20机组开关,#21机组开关,#22机组开关,#23机组开关,#24机组开关,#2机组开关,#3机组开关,#4机组开关,#5机组开关,#6机组开关,#7机组开关,#8机组开关,#9机组开关,科瀚24W9开关,科瀚24W9线,科瀚24W9线副母线,科瀚24W9线副母线PT,#10机组开关",2025-03-29 18:00:00,2025-04-03 05:00:00,220kV
87,调度值班执行停电工作票,ZJN-20250321-027,国网浙江舟山供电公司,云顶变,"220kV正母线,待用2YDⅢ开关,朗顶2R42开关,朗云2R41开关,云昌2R39开关,云洲2R40开关,正母压变,220kV母联开关",2025-03-29 07:30:00,2025-04-02 17:00:00,220kV
88,调度值班执行停电工作票,ZJN-20250321-028,国网浙江舟山供电公司,云顶变,"220kV正母线,#2主变220kV开关",2025-03-29 07:30:00,2025-04-02 17:00:00,220kV
89,调度值班执行停电工作票,ZJN-20250310-023,国网浙江金华供电公司,线路,汤家24C8线,2025-03-29 07:00:00,2025-04-02 19:00:00,220kV
90,调度值班执行停电工作票,ZJN-20250310-025,国网浙江金华供电公司,线路,郊汤24C7线,2025-03-29 07:00:00,2025-04-02 19:00:00,220kV
91,调度值班执行停电工作票,ZJN-20250320-058,国网浙江金华供电公司,汤溪变,"汤家24C8线开关,郊汤24C7线开关",2025-03-29 07:00:00,2025-04-02 22:00:00,220kV
92,调度值班执行停电工作票,ZJN-20250320-060,国网浙江金华供电公司,汤溪变,#2主变,2025-03-29 07:00:00,2025-04-02 22:00:00,220kV
93,调度值班执行停电工作票,ZJN-20250321-021,涂海风电场,涂海风电场,#1风机,2025-03-29 00:15:00,2025-04-02 21:00:00,220kV
94,调度值班执行停电工作票,ZJN-20250321-022,大涂光伏站,大涂光伏站,"#11机,#12机,#1机,#2机,#3机,#4机,#5机,#6机,#7机,#8机,#9机,#10机",2025-03-29 00:15:00,2025-04-02 18:00:00,220kV
95,调度值班执行停电工作票,ZJN-20250325-008,象海风电场,象海风电场,#1风机,2025-03-29 00:15:00,2025-04-02 23:55:00,220kV
96,调度值班执行停电工作票,ZJN-20250328-001,国网浙江温州供电公司,飞云变,瓯云4356线,2025-03-28 18:00:00,2025-04-09 20:00:00,220kV
97,调度值班执行停电工作票,ZJN-20250324-051,亨泰光伏站,亨泰光伏站,"亨泰3502（#2机）开关,亨泰3503（#3机）开关,亨泰3504（#4机）开关,亨泰3505（#5机）开关,亨泰3506（#6机）开关,亨泰3507（#7机）开关,亨泰3508（#8机）开关,亨泰3501（#1机）开关",2025-03-28 08:00:00,2025-04-13 18:00:00,220kV
98,调度值班执行停电工作票,ZJN-20250325-033,乐清厂,乐清厂,1号主变,2025-03-28 08:00:00,2025-05-12 23:45:00,500kV
99,调度值班执行停电工作票,ZJN-20250322-005,国网浙江湖州供电公司,国网浙江湖州供电公司,"二福2U21线,二雀2446线,二祥2U22线,昆福2U26线,昆祥2U25线,燃长2U17线,燃二2U18线,燃傅2U20线,燃太2U19线,二白2447线",2025-03-28 08:00:00,2025-04-15 18:00:00,220kV
100,调度值班执行停电工作票,ZJN-20250319-043,国网浙江湖州供电公司,塘桥变,"#1主变110kV开关,#1主变220kV开关,#1主变35kV开关,#1主变",2025-03-28 07:30:00,2025-04-02 17:00:00,220kV
101,调度值班执行停电工作票,ZJN-20250326-008,龙游厂,龙游厂,#1机组,2025-03-28 07:00:00,2025-03-30 23:59:00,220kV
102,调度值班执行停电工作票,ZJN-20250314-020,国网浙江宁波供电公司,宁海变电所,"宁龙4P50线,宁跃4P49线,220kV正母Ⅰ段",2025-03-28 07:00:00,2025-04-02 18:00:00,220kV
103,调度值班执行停电工作票,ZJN-20250314-021,国网浙江宁波供电公司,线路,雁宁4P54线,2025-03-28 07:00:00,2025-04-02 18:00:00,220kV
104,调度值班执行停电工作票,ZJN-20250314-022,国网浙江宁波供电公司,宁海变电所,"220kV正母Ⅰ段,1号主变220kV开关",2025-03-28 07:00:00,2025-04-02 18:00:00,220kV
105,调度值班执行停电工作票,ZJN-20250314-024,国网浙江宁波供电公司,线路,宁龙4P50线,2025-03-28 07:00:00,2025-04-02 18:00:00,220kV
106,调度值班执行停电工作票,ZJN-20250314-026,国网浙江宁波供电公司,线路,宁跃4P49线,2025-03-28 07:00:00,2025-04-02 18:00:00,220kV
107,调度值班执行停电工作票,ZJN-20250317-047,国网浙江温州供电公司,线路,瓯仙4352线,2025-03-28 07:00:00,2025-04-09 20:00:00,220kV
108,调度值班执行停电工作票,ZJN-20250321-010,国网浙江温州供电公司,瑞仙变,#2主变,2025-03-28 07:00:00,2025-04-08 18:00:00,220kV
109,调度值班执行停电工作票,ZJN-20250327-015,浙江电力调度控制中心,镇海厂,220kV#3母联开关,2025-03-28 06:00:00,2025-04-03 18:00:00,220kV
110,调度值班执行停电工作票,ZJN-20250318-003,玉环厂,玉环厂,玉屿5408线,2025-03-28 06:00:00,2025-04-15 21:00:00,500kV
111,调度值班执行停电工作票,ZJN-20250318-002,玉环厂,玉环厂,玉麦5407线,2025-03-28 06:00:00,2025-04-15 21:00:00,500kV
112,调度值班执行停电工作票,ZJN-20250314-030,国网浙江台州供电公司,麦屿变电所,"500kVⅡ母线,玉麦5407线,玉屿5408线,2号主变",2025-03-28 06:00:00,2025-04-15 21:00:00,500kV
113,调度值班执行停电工作票,ZJN-20250314-031,国网浙江台州供电公司,线路,"玉屿5408线,玉麦5407线",2025-03-28 06:00:00,2025-04-15 21:00:00,500kV
114,调度值班执行停电工作票,ZJN-20250321-015,长二厂,长二厂,#4机组,2025-03-27 09:00:00,2025-03-29 16:00:00,220kV
115,调度值班执行停电工作票,ZJN-20250310-018,国网浙江金华供电公司,芝堰变电所,堰松4Q12线,2025-03-27 08:00:00,2025-04-09 23:00:00,220kV
116,调度值班执行停电工作票,ZJN-20250324-004,台州厂,台州厂,#03A高压备变,2025-03-27 07:00:00,2025-04-07 20:00:00,220kV
117,调度值班执行停电工作票,ZJN-20250310-036,国网浙江金华供电公司,线路,堰松4Q12线,2025-03-27 07:00:00,2025-04-09 19:00:00,220kV
118,调度值班执行停电工作票,ZJN-20250318-028,国网浙江杭州供电公司,线路,岗杭2P11线,2025-03-27 07:00:00,2025-04-06 18:00:00,220kV
119,调度值班执行停电工作票,ZJN-20250318-029,国网浙江杭州供电公司,杭州变电所,岗杭2P11线,2025-03-27 07:00:00,2025-04-06 17:00:00,220kV
120,调度值班执行停电工作票,ZJN-20250318-033,国网浙江杭州供电公司,岗阳变,岗杭2P11线,2025-03-27 07:00:00,2025-04-06 20:30:00,220kV
121,调度值班执行停电工作票,ZJN-20250320-001,国网浙江杭州供电公司,严州变电所,后州44K5线,2025-03-27 07:00:00,2025-04-12 17:00:00,220kV
122,调度值班执行停电工作票,ZJN-20250320-002,国网浙江杭州供电公司,线路,后州44K5线,2025-03-27 07:00:00,2025-04-12 18:00:00,220kV
123,调度值班执行停电工作票,ZJN-20250320-003,国网浙江杭州供电公司,线路,州后2R69线,2025-03-27 07:00:00,2025-04-12 18:00:00,220kV
124,调度值班执行停电工作票,ZJN-20250320-004,国网浙江杭州供电公司,后浦变,后州44K5线,2025-03-27 07:00:00,2025-04-12 20:30:00,220kV
125,调度值班执行停电工作票,ZJN-20250320-005,国网浙江杭州供电公司,线路,堰松4Q12线,2025-03-27 07:00:00,2025-04-09 19:00:00,220kV
126,调度值班执行停电工作票,ZJN-20250320-006,国网浙江杭州供电公司,万松变,堰松4Q12线,2025-03-27 07:00:00,2025-04-09 19:00:00,220kV
127,调度值班执行停电工作票,ZJN-20250311-003,强蛟厂,强蛟厂,"强州线/4号主变5032开关,4号主变5033开关",2025-03-27 06:00:00,2025-04-03 21:00:00,500kV
128,调度值班执行停电工作票,ZJN-20250319-021,国网浙江台州供电公司,广文变,"回文4P84线,220kV副母线",2025-03-27 06:00:00,2025-03-31 23:00:00,220kV
129,调度值班执行停电工作票,ZJN-20250319-024,国网浙江台州供电公司,线路,回文4P84线,2025-03-27 06:00:00,2025-04-02 20:00:00,220kV
130,调度值班执行停电工作票,ZJN-20250319-026,国网浙江台州供电公司,回浦变电所,回文4P84线,2025-03-27 06:00:00,2025-04-02 21:00:00,220kV
131,调度值班执行停电工作票,ZJN-20250320-068,盛林站,盛林站,"#2机组,#3机组,#4机组,#1机组",2025-03-26 21:00:00,2025-04-03 18:00:00,110kV
132,调度值班执行停电工作票,ZJN-20250320-064,禾海风电场,禾海风电,"#1风机,#2动态无功补偿装置,#1动态无功补偿装置",2025-03-26 08:00:00,2025-03-31 18:00:00,220kV
133,调度值班执行停电工作票,ZJN-20250321-023,国网浙江舟山供电公司,蓬莱变,"待用2PLⅡ副母闸刀,待用2PLⅡ正母闸刀,长蓬24X5开关",2025-03-26 08:00:00,2025-04-03 17:00:00,220kV
134,调度值班执行停电工作票,ZJN-20250321-024,国网浙江舟山供电公司,蓬莱变,#3主变,2025-03-26 08:00:00,2025-04-03 17:00:00,220kV
135,调度值班执行停电工作票,ZJN-20250311-053,国网浙江湖州供电公司,线路,湖安Ⅱ线,2025-03-26 06:00:00,2025-04-01 21:00:00,1000kV
136,调度值班执行停电工作票,ZJN-20250319-013,国网浙江省电力有限公司超高压分公司,安吉站,湖安Ⅱ线,2025-03-26 06:00:00,2025-04-01 21:00:00,1000kV
137,调度值班执行停电工作票,ZJN-20250319-012,国网浙江省电力有限公司超高压分公司,安吉站,"T033开关,T032开关",2025-03-26 06:00:00,2025-04-01 21:00:00,1000kV
138,调度值班执行停电工作票,ZJN-20250321-002,曹娥江,曹娥江,#3机组,2025-03-26 00:00:00,2025-06-09 23:45:00,220kV
139,调度值班执行停电工作票,ZJN-20250318-022,北仑厂,北仑厂,7号主变,2025-03-25 08:00:00,2025-06-03 20:00:00,500kV
140,调度值班执行停电工作票,ZJN-20250313-059,国网浙江宁波供电公司,句章变电所,章水4R46线,2025-03-25 07:00:00,2025-04-03 18:00:00,220kV
141,调度值班执行停电工作票,ZJN-20250313-060,国网浙江宁波供电公司,水云变,章水4R46线,2025-03-25 07:00:00,2025-04-03 18:00:00,220kV
142,调度值班执行停电工作票,ZJN-20250313-061,国网浙江宁波供电公司,线路,章水4R46线,2025-03-25 07:00:00,2025-04-03 18:00:00,220kV
143,调度值班执行停电工作票,ZJN-20250318-021,北仑厂,北仑厂,7号机组,2025-03-25 00:15:00,2025-06-12 23:45:00,500kV
144,调度值班执行停电工作票,ZJN-20250317-050,六横厂,六横厂,#2机组,2025-03-25 00:15:00,2025-05-03 23:45:00,500kV
145,调度值班执行停电工作票,ZJN-20250312-008,登步光伏站,登步光伏站,#1等值机,2025-03-24 08:00:00,2025-04-15 18:00:00,110kV
146,调度值班执行停电工作票,ZJN-20250315-007,唐屿光伏站,唐屿光伏站,"#2发电机,#1发电机",2025-03-24 08:00:00,2025-04-11 18:00:00,110kV
147,调度值班执行停电工作票,ZJN-20250320-049,嘉光站,嘉光站,"#12发电机,#13发电机,#14发电机,#15发电机,#16发电机,#11发电机",2025-03-24 08:00:00,2025-04-24 20:00:00,10kV
148,调度值班执行停电工作票,ZJN-20250304-043,珊溪厂,珊溪厂,4号机组,2025-03-24 07:00:00,2025-04-03 22:00:00,220kV
149,调度值班执行停电工作票,ZJN-20250319-002,国网浙江绍兴供电公司,线路,古安4Q82线,2025-03-24 07:00:00,2025-04-01 20:00:00,220kV
150,调度值班执行停电工作票,ZJN-20250312-045,国网浙江台州供电公司,线路,"塘桥4336线,塘高4335线",2025-03-24 06:00:00,2025-04-07 20:00:00,220kV
151,调度值班执行停电工作票,ZJN-20250317-031,台州厂,台州厂,#8主变,2025-03-24 00:15:00,2025-05-14 23:45:00,220kV
152,调度值班执行停电工作票,ZJN-20250317-030,台州厂,台州厂,#8机组,2025-03-24 00:15:00,2025-05-14 23:45:00,220kV
153,调度值班执行停电工作票,ZJN-20250318-031,国网浙江绍兴供电公司,古越变电所,古安4Q82线,2025-03-24 00:00:00,2025-04-01 21:00:00,220kV
154,调度值班执行停电工作票,ZJN-20250318-032,国网浙江绍兴供电公司,太安变,古安4Q82线,2025-03-24 00:00:00,2025-04-01 21:00:00,220kV
155,调度值班执行停电工作票,ZJN-20250315-001,国网浙江舟山供电公司,线路,"朗云2R41线,云昌2R39线,云洲2R40线,朗顶2R42线",2025-03-23 07:00:00,2025-04-03 17:00:00,220kV
156,调度值班执行停电工作票,ZJN-20250315-002,国网浙江舟山供电公司,云顶变,"朗顶2R42开关,朗云2R41开关,云昌2R39开关,云洲2R40开关,待用2YDⅢ开关",2025-03-23 07:00:00,2025-04-03 17:00:00,220kV
157,调度值班执行停电工作票,ZJN-20250315-003,国网浙江舟山供电公司,大丰变,江丰1925线,2025-03-23 07:00:00,2025-04-03 20:00:00,110kV
158,调度值班执行停电工作票,ZJN-20250315-005,国网浙江舟山供电公司,云顶变,"#2主变220kV开关,#2主变",2025-03-23 07:00:00,2025-04-02 17:00:00,220kV
159,调度值班执行停电工作票,ZJN-20250317-005,国网浙江绍兴供电公司,太安变,"#2主变220kV开关,#2主变",2025-03-23 07:00:00,2025-04-01 21:00:00,220kV
160,调度值班执行停电工作票,ZJN-20250314-013,国网浙江宁波供电公司,宁海变电所,"220kV正母Ⅰ段,220kV正母Ⅰ段压变,220kV正母分段开关,220kV#1母联开关",2025-03-23 06:00:00,2025-04-02 18:00:00,220kV
161,调度值班执行停电工作票,ZJN-20250317-004,国网浙江绍兴供电公司,太安变,"古安4Q82线,220kV正母线",2025-03-23 06:00:00,2025-03-23 23:30:00,220kV
162,调度值班执行停电工作票,ZJN-20250319-019,乌沙山,乌沙山,4号机组,2025-03-23 00:15:00,2025-05-29 23:45:00,500kV
163,调度值班执行停电工作票,ZJN-20250314-008,国网浙江宁波供电公司,线路,一明5455线,2025-03-22 08:00:00,2025-04-03 18:00:00,500kV
164,调度值班执行停电工作票,ZJN-20250312-013,国网浙江杭州供电公司,线路,岗州2P12线,2025-03-22 07:00:00,2025-04-21 18:00:00,220kV
165,调度值班执行停电工作票,ZJN-20250312-015,国网浙江杭州供电公司,杭州变电所,岗州2P12开关,2025-03-22 07:00:00,2025-04-21 17:00:00,220kV
166,调度值班执行停电工作票,ZJN-20250312-016,国网浙江杭州供电公司,岗阳变,岗州2P12线,2025-03-22 07:00:00,2025-04-21 20:30:00,220kV
167,调度值班执行停电工作票,ZJN-20250317-039,国网浙江温州供电公司,线路,飞东2473线,2025-03-22 07:00:00,2025-04-19 20:00:00,220kV
168,调度值班执行停电工作票,ZJN-20250313-062,国网浙江台州供电公司,线路,"外清2358线,外金2Q33线",2025-03-22 06:00:00,2025-04-04 20:00:00,220kV
169,调度值班执行停电工作票,ZJN-20250314-037,国网浙江舟山供电公司,岑山变,"220kV正母线,六山2R36开关,220kV母联开关",2025-03-22 06:00:00,2025-04-03 17:00:00,220kV
170,调度值班执行停电工作票,ZJN-20250318-009,乐清厂,乐清厂,1号机组,2025-03-22 00:15:00,2025-05-20 23:45:00,500kV
171,调度值班执行停电工作票,ZJN-20250310-032,半山厂,半山厂,#2机组,2025-03-21 08:00:00,2025-05-19 18:00:00,220kV
172,调度值班执行停电工作票,ZJN-20250310-033,半山厂,半山厂,#2主变,2025-03-21 08:00:00,2025-05-17 18:00:00,220kV
173,调度值班执行停电工作票,ZJN-20250313-023,国网浙江台州供电公司,广文变,"220kV副母压变,220kV母联开关,220kV副母线",2025-03-21 06:00:00,2025-03-24 23:00:00,220kV
174,调度值班执行停电工作票,ZJN-20250313-025,国网浙江台州供电公司,广文变,"回广4P83线,220kV副母线",2025-03-21 06:00:00,2025-03-24 23:00:00,220kV
175,调度值班执行停电工作票,ZJN-20250313-001,六横厂,六横厂,六横二期#4机,2025-03-18 08:00:00,2025-04-12 22:00:00,500kV
176,调度值班执行停电工作票,ZJN-20250307-034,国网浙江宁波供电公司,线路,"疏南23M4线,疏江23M3线",2025-03-18 07:00:00,2025-03-18 18:00:00,220kV
177,调度值班执行停电工作票,ZJN-20250306-044,玉环厂,玉环厂,4号主变,2025-03-17 06:00:00,2025-05-26 23:45:00,500kV
178,调度值班执行停电工作票,ZJN-20250304-038,国网浙江丽水供电公司,线路,丽石1061线,2025-03-16 07:00:00,2025-04-02 20:00:00,110kV
179,调度值班执行停电工作票,ZJN-20250306-077,国网浙江宁波供电公司,天一变电所,"一明线/3号主变5012开关,一明线5011开关,一明5455线",2025-03-16 06:00:00,2025-04-06 18:00:00,500kV
180,调度值班执行停电工作票,ZJN-20250306-078,国网浙江宁波供电公司,明州变电所,"一明线/茶州线5032开关,一明线5031开关,一明5455线",2025-03-16 06:00:00,2025-04-06 18:00:00,500kV
181,调度值班执行停电工作票,ZJN-20250306-079,国网浙江宁波供电公司,线路,一明5455线,2025-03-16 06:00:00,2025-04-06 18:00:00,500kV
182,调度值班执行停电工作票,ZJN-20250306-043,玉环厂,玉环厂,4号机组,2025-03-15 17:00:00,2025-05-28 23:45:00,500kV
183,调度值班执行停电工作票,ZJN-20250310-039,亨泰光伏站,亨泰光伏站,"亨泰3502（#2机）汇集线,亨泰3503（#3机）汇集线,亨泰3504（#4机）汇集线,亨泰3505（#5机）汇集线,亨泰3506（#6机）汇集线,亨泰3507（#7机）汇集线,亨泰3508（#8机）汇集线,亨泰3501（#1机）汇集线",2025-03-14 08:00:00,2025-03-31 18:00:00,220kV
184,调度值班执行停电工作票,ZJN-20250215-001,强蛟厂,强蛟厂,3号主变,2025-03-14 06:00:00,2025-05-11 21:00:00,500kV
185,调度值班执行停电工作票,ZJN-20250305-002,牛山厂,牛山厂,1号机组,2025-03-11 12:00:00,2025-05-19 23:45:00,500kV
186,调度值班执行停电工作票,ZJN-20250305-003,牛山厂,牛山厂,1号主变,2025-03-11 12:00:00,2025-05-19 23:45:00,500kV
187,调度值班执行停电工作票,ZJN-20250214-011,强蛟厂,强蛟厂,3号机组,2025-03-11 00:15:00,2025-05-20 23:45:00,500kV
188,调度值班执行停电工作票,ZJN-20250226-006,国网浙江金华供电公司,线路,"吴溪5880线,吴丹5879线",2025-03-10 12:00:00,2025-04-03 12:00:00,500kV
189,调度值班执行停电工作票,ZJN-20250226-007,国网浙江金华供电公司,丹溪变电所,"吴溪5880线,吴丹5879线",2025-03-10 12:00:00,2025-04-03 12:00:00,500kV
190,调度值班执行停电工作票,ZJN-20250226-008,国网浙江金华供电公司,吴宁变电所,"吴溪5880线,吴丹5879线",2025-03-10 12:00:00,2025-04-03 12:00:00,500kV
191,调度值班执行停电工作票,ZJN-20250304-056,国网浙江杭州供电公司,杭州变电所,瓶杭5437线,2025-03-10 06:00:00,2025-06-01 21:00:00,500kV
192,调度值班执行停电工作票,ZJN-20250304-058,国网浙江杭州供电公司,瓶窑变电所,"瓶杭线5021开关,瓶杭线/钱窑线5022开关",2025-03-10 06:00:00,2025-06-01 21:00:00,500kV
193,调度值班执行停电工作票,ZJN-20250304-060,国网浙江杭州供电公司,瓶窑变电所,瓶杭5437线,2025-03-10 06:00:00,2025-06-01 21:00:00,500kV
194,调度值班执行停电工作票,ZJN-20250304-061,国网浙江杭州供电公司,线路,瓶杭5437线,2025-03-10 06:00:00,2025-06-01 21:00:00,500kV
195,调度值班执行停电工作票,ZJN-20250307-029,国网浙江金华供电公司,朱云变,220kV母联开关,2025-03-10 06:00:00,2025-04-03 21:00:00,220kV
196,调度值班执行停电工作票,ZJN-20250303-014,温州厂,温州厂,8号机组,2025-03-10 00:15:00,2025-05-11 23:45:00,220kV
197,调度值班执行停电工作票,ZJN-20250303-015,温州厂,温州厂,#8主变,2025-03-10 00:15:00,2025-05-11 23:45:00,220kV
198,调度值班执行停电工作票,ZJN-20250227-008,新泓口,新泓口,"#12主变,#12主变开关,#12机组",2025-03-09 00:15:00,2025-04-21 23:00:00,220kV
199,调度值班执行停电工作票,ZJN-20250227-009,新泓口,新泓口,#11机组,2025-03-09 00:15:00,2025-04-21 23:00:00,220kV
200,调度值班执行停电工作票,ZJN-20250227-012,新泓口,新泓口,"#11主变开关,#11主变",2025-03-09 00:15:00,2025-04-03 23:00:00,220kV
201,调度值班执行停电工作票,ZJN-20250226-019,国网浙江嘉兴供电公司,嘉善变,"#1主变220kV开关,#1主变",2025-03-08 09:30:00,2025-04-28 17:00:00,220kV
202,调度值班执行停电工作票,ZJN-20250312-032,巨宏厂,巨宏厂,#7发电机,2025-03-07 12:00:00,2025-05-31 12:00:00,35kV
203,调度值班执行停电工作票,ZJN-20250214-010,强蛟厂,强蛟厂,4号主变,2025-03-06 06:00:00,2025-04-03 21:00:00,500kV
204,调度值班执行停电工作票,ZJN-20250225-022,华舜厂,华舜厂,#2机组,2025-03-05 00:15:00,2025-04-12 23:45:00,220kV
205,调度值班执行停电工作票,ZJN-20250123-006,国网浙江台州供电公司,麦屿变电所,2号主变,2025-03-02 06:00:00,2025-04-15 22:00:00,500kV
206,调度值班执行停电工作票,ZJN-20250225-020,华舜厂,华舜厂,"#3主变,#3机组",2025-03-01 01:00:00,2025-04-20 23:45:00,220kV
207,调度值班执行停电工作票,ZJN-20250214-008,强蛟厂,强蛟厂,4号机组,2025-03-01 00:15:00,2025-04-09 23:45:00,500kV
208,调度值班执行停电工作票,ZJN-20250226-012,巨宏厂,巨宏厂,#6发电机,2025-02-28 12:00:00,2025-03-31 12:00:00,35kV
209,调度值班执行停电工作票,ZJN-20250213-037,国网浙江宁波供电公司,殿跟变,220kV副母Ⅱ段,2025-02-25 18:00:00,2025-04-13 14:00:00,220kV
210,调度值班执行停电工作票,ZJN-20250213-045,国网浙江宁波供电公司,翠屏变,"220kV副母Ⅱ段母线,220kV2号母联开关",2025-02-24 18:00:00,2025-04-17 16:00:00,220kV
211,调度值班执行停电工作票,ZJN-20250213-044,国网浙江宁波供电公司,翠屏变,220kV副母线,2025-02-24 09:00:00,2025-02-24 18:00:00,220kV
212,调度值班执行停电工作票,ZJN-20250219-024,百花风电场,百花风电,百花风电场#1风机,2025-02-24 08:00:00,2025-05-15 18:00:00,220kV
213,调度值班执行停电工作票,ZJN-20250213-027,国网浙江宁波供电公司,河姆变电所,姆舜线5022开关,2025-02-20 06:00:00,2025-05-28 21:00:00,500kV
214,调度值班执行停电工作票,ZJN-20250211-008,金燃厂,金燃厂,#7机组,2025-02-19 08:00:00,2025-05-20 23:00:00,220kV
215,调度值班执行停电工作票,ZJN-20250211-009,金燃厂,金燃厂,"#7主变,#7高厂变",2025-02-19 08:00:00,2025-05-20 23:00:00,220kV
216,调度值班执行停电工作票,ZJN-20250214-018,国网浙江湖州供电公司,国网浙江湖州供电公司,"二升2P75线,旧白2445线,旧雀2440线,二山2P76线",2025-02-15 06:00:00,2025-03-31 23:50:00,220kV
217,调度值班执行停电工作票,ZJN-20250207-002,国网浙江湖州供电公司,线路,"山长4444线,山超4445线,林超2P82线",2025-02-08 06:00:00,2025-03-31 23:50:00,220kV
218,调度值班执行停电工作票,ZJN-20250207-003,国网浙江宁波供电公司,线路,"宁曲4P53线,宁同4P51线,宁象4P57线,海北4P58线",2025-02-08 00:15:00,2025-03-31 23:50:00,220kV
219,调度值班执行停电工作票,ZJN-20250124-012,巨宏厂,巨宏厂,#7发电机,2025-02-07 12:00:00,2025-04-30 12:00:00,35kV
220,调度值班执行停电工作票,ZJN-20250123-027,龙游厂,龙游厂,#2机组,2025-02-05 08:00:00,2025-04-28 23:55:00,220kV
221,调度值班执行停电工作票,ZJN-20241216-006,国网浙江宁波供电公司,线路,"淞慈2300线,浦慈2313线",2024-12-15 08:00:00,2025-03-31 18:00:00,220kV
222,调度值班执行停电工作票,ZJN-20241009-058,国网浙江湖州供电公司,线路,"昆泉23W0线,昆甘23W9线",2024-10-09 18:00:00,2024-10-31 23:50:00,220kV
223,调度值班执行停电工作票,ZJN-20240805-003,国网浙江宁波供电公司,达蓬变,"锦蓬2R82线,锦达2R81线",2024-08-06 07:00:00,2025-03-03 09:00:00,220kV
224,调度值班执行停电工作票,ZJN-20240709-003,登步光伏站,登步光伏站,"#2主变35kV开关,35kV母线Ⅱ段,登步3506（#6机）开关,登步3507（#7机）开关,登步3508（#8机）开关,登步3509（#9机）开关,登步3510（#10机）开关,#2储能单元组开关",2024-07-11 09:00:00,2025-06-30 22:00:00,110kV
225,调度值班执行停电工作票,ZJN-20240620-017,国网浙江衢州供电公司,夏金变电所,夏竹4U66开关,2024-06-29 06:00:00,2025-06-30 21:00:00,220kV
226,调度值班执行停电工作票,ZJN-20220323-018,六光站,六光站,#12发电机,2022-03-25 08:00:00,2025-12-30 23:45:00,220kV
